seed,execution_path,path,condition,attack,final_accuracy,final_macro_f1,final_evaluation_reward,mean_round_time_sec,total_execution_time_sec,mean_malicious_weight,final_malicious_weight,suppressed_rounds,final_10_suppressed_rounds,mean_gated_adversarial_trust,mean_B_adv,mean_R_adv
42,ep_0,fedavg,clean,none,0.4923333333333333,0.4871105382700757,0.46166666666666645,2.907349780000004,87.22049340000012,,,0,0,,,
42,ep_sdp,static_dp,clean,none,0.579,0.5194992522565492,0.8949999999999996,2.8928388599999986,86.78516579999996,,,0,0,,,
42,ep_twa,twa,clean,none,0.9686666666666668,0.9680842968687656,2.8433333333333337,2.89150244666677,86.7450734000031,0.21523768256107964,0.2195679247379303,0,0,0.7608999308586456,0.968697060318093,0.2181780754843499
42,ep_ppa,ppa,clean,none,0.5073333333333333,0.5065570613134764,0.5366666666666666,3.396463383333351,101.89390150000054,,,0,0,,,
42,ep_sdp-ppa,sdp_ppa,clean,none,0.576,0.5154549677557424,0.8799999999999999,3.4192874766665833,102.5786242999975,,,0,0,,,
42,ep_twa-ppa,twa_ppa,clean,none,0.9693333333333334,0.9687864593745592,2.8466666666666667,3.4013875700000122,102.04162710000037,0.2155590256055196,0.221905842423439,0,0,0.7616187159456698,0.9685334593142351,0.21885390717397166
42,ep_0,fedavg,adversarial,sign_flipping,0.9043333333333332,0.9038765544475852,2.5216666666666665,3.0598149399997663,91.79444819999298,,,0,0,,,
42,ep_sdp,static_dp,adversarial,sign_flipping,0.633,0.622530410194722,1.165,3.0801608966667726,92.40482690000317,,,0,0,,,
42,ep_twa,twa,adversarial,sign_flipping,0.9726666666666668,0.9722379468935678,2.863333333333334,3.1607156666666922,94.82147000000077,0.09994318013389902,0.1310024857521057,0,0,0.5892774205901421,0.9378763974369991,0.26437049379529765
42,ep_ppa,ppa,adversarial,sign_flipping,0.8903333333333333,0.8897252632063944,2.451666666666666,3.675550916666786,110.26652750000358,,,0,0,,,
42,ep_sdp-ppa,sdp_ppa,adversarial,sign_flipping,0.625,0.6123285921647164,1.125,3.6870243733334065,110.61073120000219,,,0,0,,,
42,ep_twa-ppa,twa_ppa,adversarial,sign_flipping,0.9723333333333334,0.971894755165443,2.8616666666666672,3.6584944900000966,109.7548347000029,0.09974977727979419,0.1312075108289718,0,0,0.5894109504977175,0.937722733622134,0.26402096129124586
42,ep_0,fedavg,adversarial,random_noise_byzantine,0.3036666666666666,0.1932302064992375,-0.48166666666666713,3.1552718366666643,94.65815509999993,,,0,0,,,
42,ep_sdp,static_dp,adversarial,random_noise_byzantine,0.841,0.8410880195513637,2.205,3.1123306466667904,93.36991940000371,,,0,0,,,
42,ep_twa,twa,adversarial,random_noise_byzantine,0.9703333333333334,0.9698632644892876,2.8516666666666666,3.3131259366667414,99.39377810000224,0.12223566584289071,0.1979717463254928,0,0,0.6297565298344835,0.9996719773863739,0.25738944671928726
42,ep_ppa,ppa,adversarial,random_noise_byzantine,0.2973333333333333,0.1838499571765709,-0.5133333333333336,3.9587390300000456,118.76217090000137,,,0,0,,,
42,ep_sdp-ppa,sdp_ppa,adversarial,random_noise_byzantine,0.8663333333333333,0.8658582322677999,2.331666666666666,3.818555619999885,114.55666859999656,,,0,0,,,
42,ep_twa-ppa,twa_ppa,adversarial,random_noise_byzantine,0.9703333333333334,0.9698632644892876,2.8516666666666666,3.614940569999938,108.44821709999815,0.12242094961305457,0.1998975872993469,0,0,0.629878208015056,0.9996681225215257,0.2574428236552556
42,ep_0,fedavg,adversarial,model_replacement,0.128,0.0733104238258877,-1.3599999999999999,2.873153903333514,86.19461710000542,,,0,0,,,
42,ep_sdp,static_dp,adversarial,model_replacement,0.6886666666666666,0.6818219565069327,1.4433333333333334,2.8958243333335605,86.87473000000682,,,0,0,,,
42,ep_twa,twa,adversarial,model_replacement,0.9676666666666668,0.967291075884205,2.838333333333334,2.864109993333235,85.92329979999704,0.02707019323327885,0.0480880364775657,0,0,0.3551328643705134,0.22779441666547218,0.3194579506927124
42,ep_ppa,ppa,adversarial,model_replacement,0.2503333333333333,0.106160118606375,-0.7483333333333335,3.440524683333509,103.21574050000527,,,0,0,,,
42,ep_sdp-ppa,sdp_ppa,adversarial,model_replacement,0.6903333333333334,0.6835769048935905,1.4516666666666667,3.3930245199999263,101.79073559999779,,,0,0,,,
42,ep_twa-ppa,twa_ppa,adversarial,model_replacement,0.9666666666666668,0.9662700728212856,2.833333333333334,3.3994650900001337,101.98395270000401,0.0275783827838798,0.0486435294151306,0,0,0.3560307454899943,0.23115381186568112,0.3265725668179123
42,ep_0,fedavg,adversarial,label_flipping,0.732,0.7413956073883354,1.6600000000000001,2.84436196000006,85.3308588000018,,,0,0,,,
42,ep_sdp,static_dp,adversarial,label_flipping,0.465,0.4222718480052085,0.3250000000000002,2.8563014966667954,85.68904490000386,,,0,0,,,
42,ep_twa,twa,adversarial,label_flipping,0.9676666666666668,0.9671569453482702,2.838333333333334,2.8764634900001207,86.29390470000362,0.07089134988685444,0.0442551150918006,0,0,0.519005222018218,0.3381246463894926,0.30931050211956673
42,ep_ppa,ppa,adversarial,label_flipping,0.742,0.7510074033740812,1.71,3.3820120366664925,101.46036109999477,,,0,0,,,
42,ep_sdp-ppa,sdp_ppa,adversarial,label_flipping,0.4593333333333333,0.413086899709415,0.2966666666666664,3.4305193333334802,102.91558000000441,,,0,0,,,
42,ep_twa-ppa,twa_ppa,adversarial,label_flipping,0.9673333333333334,0.9668367250959043,2.836666666666667,3.4015050600000296,102.0451518000009,0.07103571904202298,0.0437622554600238,0,0,0.5190065420189014,0.33773582337384295,0.3184439079381406
42,ep_0,fedavg,adversarial,data_poisoning,0.6093333333333333,0.6152245850878196,1.0466666666666664,2.824058396666442,84.72175189999325,,,0,0,,,
42,ep_sdp,static_dp,adversarial,data_poisoning,0.619,0.5820064345378697,1.0949999999999998,2.8393667733332526,85.18100319999758,,,0,0,,,
42,ep_twa,twa,adversarial,data_poisoning,0.971,0.9705190667451632,2.8549999999999995,2.8469727566667036,85.40918270000111,0.202756105363369,0.2107345759868621,0,0,0.7495593116419325,0.9616537526856472,0.21893875688176212
42,ep_ppa,ppa,adversarial,data_poisoning,0.6276666666666667,0.6350169618186763,1.1383333333333336,3.4009301633333964,102.02790490000189,,,0,0,,,
42,ep_sdp-ppa,sdp_ppa,adversarial,data_poisoning,0.6186666666666667,0.5813278553330445,1.0933333333333337,3.3907818966667036,101.72345690000111,,,0,0,,,
42,ep_twa-ppa,twa_ppa,adversarial,data_poisoning,0.971,0.9705190667451632,2.8549999999999995,3.413753923333267,102.41261769999801,0.20324830412864678,0.211285725235939,0,0,0.7497105241657416,0.9617227019890354,0.21925037783988324
42,ep_0,fedavg,adversarial,reward_poisoning,0.4923333333333333,0.4871105382700757,0.46166666666666645,2.8455403866665923,85.36621159999777,,,0,0,,,
42,ep_sdp,static_dp,adversarial,reward_poisoning,0.579,0.5194992522565492,0.8949999999999996,2.8497281166667867,85.4918435000036,,,0,0,,,
42,ep_twa,twa,adversarial,reward_poisoning,0.9693333333333334,0.968779813948552,2.8466666666666667,2.854216753333276,85.62650259999828,0.24999999701976777,0.25,0,0,0.9388832184318063,0.9693180956364184,6.479246602150262e-10
42,ep_ppa,ppa,adversarial,reward_poisoning,0.493,0.4874018819084968,0.46499999999999986,3.38336862999998,101.5010588999994,,,0,0,,,
42,ep_sdp-ppa,sdp_ppa,adversarial,reward_poisoning,0.5786666666666667,0.5184703618260651,0.8933333333333335,3.3901658500000242,101.70497550000073,,,0,0,,,
42,ep_twa-ppa,twa_ppa,adversarial,reward_poisoning,0.9693333333333334,0.968779813948552,2.8466666666666667,3.415890710000046,102.47672130000137,0.24999999900658926,0.25,0,0,0.9384713953520075,0.9695946078916985,6.477104206799608e-10
123,ep_0,fedavg,clean,none,0.6093333333333333,0.5463595775926415,1.0466666666666664,2.8988385833334784,86.96515750000435,,,0,0,,,
123,ep_sdp,static_dp,clean,none,0.3643333333333333,0.2628959610047698,-0.17833333333333368,2.9123316833334685,87.36995050000405,,,0,0,,,
123,ep_twa,twa,clean,none,0.9703333333333334,0.969712442077904,2.8516666666666666,2.9474248433337076,88.42274530001123,0.23405414968729019,0.244080513715744,0,0,0.7905437739267747,0.9762399927715009,0.25416085240065056
123,ep_ppa,ppa,clean,none,0.622,0.5595510923812519,1.1099999999999999,3.4255739633334086,102.76721890000226,,,0,0,,,
123,ep_sdp-ppa,sdp_ppa,clean,none,0.3666666666666666,0.2646517953630022,-0.16666666666666696,3.440891853333475,103.22675560000425,,,0,0,,,
123,ep_twa-ppa,twa_ppa,clean,none,0.97,0.9693628676544072,2.8499999999999996,3.4378691866666484,103.13607559999946,0.2340750257174174,0.2447178214788437,0,0,0.7902274341050706,0.9756586461128492,0.25446435354444485
123,ep_0,fedavg,adversarial,sign_flipping,0.6026666666666667,0.5597693278112408,1.0133333333333336,2.856067596666556,85.68202789999668,,,0,0,,,
123,ep_sdp,static_dp,adversarial,sign_flipping,0.5316666666666666,0.4895772821580046,0.6583333333333332,2.8672866066666756,86.01859820000027,,,0,0,,,
123,ep_twa,twa,adversarial,sign_flipping,0.97,0.9694335225247916,2.8499999999999996,2.8633189099997858,85.89956729999358,0.11668667693932848,0.1444838941097259,0,0,0.6197779425277549,0.9149028676082805,0.26641033105724926
123,ep_ppa,ppa,adversarial,sign_flipping,0.6103333333333333,0.5717996257929753,1.0516666666666663,3.3845766400001596,101.53729920000478,,,0,0,,,
123,ep_sdp-ppa,sdp_ppa,adversarial,sign_flipping,0.528,0.4853073613474227,0.6400000000000001,3.3941600566665024,101.82480169999508,,,0,0,,,
123,ep_twa-ppa,twa_ppa,adversarial,sign_flipping,0.97,0.969430826364967,2.8499999999999996,3.390111539999998,101.70334619999994,0.11727615793546038,0.147120401263237,0,0,0.6198398332588323,0.9178979853497629,0.26001162626853863
123,ep_0,fedavg,adversarial,random_noise_byzantine,0.5276666666666666,0.4776276982706886,0.6383333333333332,2.9786330200001125,89.35899060000338,,,0,0,,,
123,ep_sdp,static_dp,adversarial,random_noise_byzantine,0.53,0.4887983932451996,0.6500000000000004,2.9912689099999623,89.73806729999887,,,0,0,,,
123,ep_twa,twa,adversarial,random_noise_byzantine,0.9716666666666668,0.9712058593373888,2.8583333333333343,2.994047666666726,89.82143000000178,0.12404319892326988,0.1836944669485092,0,0,0.6441642551318277,0.9997186659800362,0.21709480363244008
123,ep_ppa,ppa,adversarial,random_noise_byzantine,0.5166666666666667,0.4660551849224996,0.5833333333333335,3.5160112299998825,105.48033689999647,,,0,0,,,
123,ep_sdp-ppa,sdp_ppa,adversarial,random_noise_byzantine,0.5333333333333333,0.4912403480940982,0.6666666666666665,3.527377909999996,105.82133729999987,,,0,0,,,
123,ep_twa-ppa,twa_ppa,adversarial,random_noise_byzantine,0.972,0.9715491664694098,2.8599999999999994,3.529867833333507,105.89603500000521,0.12361851967871186,0.1826777756214141,0,0,0.6439609864603978,0.9997253943777487,0.21720017603324124
123,ep_0,fedavg,adversarial,model_replacement,0.25,0.1,-0.75,2.8985785266662183,86.95735579998654,,,0,0,,,
123,ep_sdp,static_dp,adversarial,model_replacement,0.609,0.5555839100038595,1.045,2.8677829033332576,86.03348709999773,,,0,0,,,
123,ep_twa,twa,adversarial,model_replacement,0.981,0.9807993485780668,2.9050000000000002,2.8816551333333336,86.44965400000001,0.046248896000906786,0.0874963104724884,0,0,0.398915439178739,0.2378734963413192,0.35693994656116845
123,ep_ppa,ppa,adversarial,model_replacement,0.25,0.1,-0.75,3.415304166666586,102.45912499999758,,,0,0,,,
123,ep_sdp-ppa,sdp_ppa,adversarial,model_replacement,0.525,0.4765917167252487,0.625,3.4037542399993983,102.11262719998194,,,0,0,,,
123,ep_twa-ppa,twa_ppa,adversarial,model_replacement,0.975,0.9746158582867036,2.875,3.407494453333008,102.22483359999023,0.03709367709234352,0.0723600313067436,0,0,0.39516291719674757,0.23389957958508775,0.33161038367818085
123,ep_0,fedavg,adversarial,label_flipping,0.536,0.4286740657504421,0.6800000000000002,2.8242039600002804,84.72611880000841,,,0,0,,,
123,ep_sdp,static_dp,adversarial,label_flipping,0.3663333333333333,0.2818349782176502,-0.16833333333333345,2.8452979466663235,85.35893839998971,,,0,0,,,
123,ep_twa,twa,adversarial,label_flipping,0.9733333333333334,0.9728645774025376,2.866666666666667,2.8424429033336005,85.27328710000802,0.057528795922795896,0.0336412638425827,0,0,0.4882986304098773,0.30502874518855455,0.4349725764109766
123,ep_ppa,ppa,adversarial,label_flipping,0.5593333333333333,0.46272675909943,0.7966666666666669,3.395936346666834,101.87809040000502,,,0,0,,,
123,ep_sdp-ppa,sdp_ppa,adversarial,label_flipping,0.3606666666666667,0.2749175121237995,-0.19666666666666655,3.387458666667347,101.62376000002041,,,0,0,,,
123,ep_twa-ppa,twa_ppa,adversarial,label_flipping,0.9733333333333334,0.972855308202046,2.866666666666667,3.40441640666686,102.1324922000058,0.057774583001931466,0.0341212823987007,0,0,0.4884354414783912,0.30611096237757285,0.422079710107244
123,ep_0,fedavg,adversarial,data_poisoning,0.6543333333333333,0.648589355506837,1.2716666666666665,2.818805223333038,84.56415669999114,,,0,0,,,
123,ep_sdp,static_dp,adversarial,data_poisoning,0.4406666666666666,0.3275939669359601,0.20333333333333314,2.8564043033336928,85.69212910001079,,,0,0,,,
123,ep_twa,twa,adversarial,data_poisoning,0.97,0.969452221442722,2.8499999999999996,2.8145047499997116,84.43514249999134,0.227654267847538,0.2327869236469268,0,0,0.7767924436581577,0.9792330753379596,0.25349185135731
123,ep_ppa,ppa,adversarial,data_poisoning,0.7556666666666667,0.7443812517174024,1.7783333333333333,3.3668804000003245,101.00641200000973,,,0,0,,,
123,ep_sdp-ppa,sdp_ppa,adversarial,data_poisoning,0.431,0.3075932739616306,0.1549999999999998,3.382150850000471,101.46452550001413,,,0,0,,,
123,ep_twa-ppa,twa_ppa,adversarial,data_poisoning,0.97,0.969445163688626,2.8499999999999996,3.4620170866664313,103.86051259999294,0.2273983508348465,0.2286733090877533,0,0,0.7766122690861452,0.9791268772527151,0.25349185135731
123,ep_0,fedavg,adversarial,reward_poisoning,0.6093333333333333,0.5463595775926415,1.0466666666666664,2.8719814066668428,86.15944220000529,,,0,0,,,
123,ep_sdp,static_dp,adversarial,reward_poisoning,0.3643333333333333,0.2628959610047698,-0.17833333333333368,2.854910933332697,85.64732799998092,,,0,0,,,
123,ep_twa,twa,adversarial,reward_poisoning,0.97,0.9693643392683402,2.8499999999999996,2.8393775399999868,85.1813261999996,0.24999999900658926,0.25,0,0,0.9377788377101848,0.9758873314168589,6.269682659096254e-10
123,ep_ppa,ppa,adversarial,reward_poisoning,0.6173333333333333,0.5547711945322937,1.0866666666666664,3.3967305333332964,101.90191599999889,,,0,0,,,
123,ep_sdp-ppa,sdp_ppa,adversarial,reward_poisoning,0.365,0.2631446770778966,-0.17500000000000004,3.4869702100001936,104.6091063000058,,,0,0,,,
123,ep_twa-ppa,twa_ppa,adversarial,reward_poisoning,0.97,0.9693649686516164,2.8499999999999996,3.5513862400002836,106.54158720000851,0.249999996026357,0.25,0,0,0.9376972409990857,0.9759573783106616,6.267561083749558e-10
2025,ep_0,fedavg,clean,none,0.54,0.4830025015362664,0.7000000000000002,2.863700960000036,85.91102880000108,,,0,0,,,
2025,ep_sdp,static_dp,clean,none,0.5496666666666666,0.4800833662729449,0.7483333333333331,2.99366143999996,89.8098431999988,,,0,0,,,
2025,ep_twa,twa,clean,none,0.9633333333333334,0.9625131846187912,2.8166666666666664,2.906446773333179,87.19340319999537,0.23270956128835676,0.2439385056495666,0,0,0.7720286789122315,0.956575093121507,0.2798054798105048
2025,ep_ppa,ppa,clean,none,0.5243333333333333,0.4711406061937591,0.6216666666666666,3.4229643433331756,102.68893029999526,,,0,0,,,
2025,ep_sdp-ppa,sdp_ppa,clean,none,0.5573333333333333,0.4878768884871836,0.7866666666666666,3.4068517800000335,102.20555340000101,,,0,0,,,
2025,ep_twa-ppa,twa_ppa,clean,none,0.964,0.9632172668119692,2.8200000000000003,3.645172886666478,109.35518659999434,0.23292285948991776,0.2464459836483001,0,0,0.7723118154785804,0.9565344125958275,0.2803714171276391
2025,ep_0,fedavg,adversarial,sign_flipping,0.616,0.5515928161218787,1.08,2.8659767400001632,85.9793022000049,,,0,0,,,
2025,ep_sdp,static_dp,adversarial,sign_flipping,0.637,0.5738020560808208,1.185,2.873766353333364,86.21299060000092,,,0,0,,,
2025,ep_twa,twa,adversarial,sign_flipping,0.9693333333333334,0.9689781100327628,2.8466666666666667,2.847422643333145,85.42267929999434,0.12848329159120717,0.185180589556694,0,0,0.6019733927478614,0.9179247194980086,0.29825493337515485
2025,ep_ppa,ppa,adversarial,sign_flipping,0.6186666666666667,0.5538959714778495,1.0933333333333337,3.442329126666785,103.26987380000355,,,0,0,,,
2025,ep_sdp-ppa,sdp_ppa,adversarial,sign_flipping,0.6326666666666667,0.5648104405806977,1.1633333333333336,3.3637285133331414,100.91185539999424,,,0,0,,,
2025,ep_twa-ppa,twa_ppa,adversarial,sign_flipping,0.969,0.9686375599591446,2.8449999999999998,3.3673080466663428,101.01924139999028,0.12841629572212693,0.1838976740837097,0,0,0.6017042532549375,0.9198455756316867,0.3015113048548052
2025,ep_0,fedavg,adversarial,random_noise_byzantine,0.4793333333333333,0.3227434080528716,0.3966666666666665,2.9666184866667513,88.99855460000254,,,0,0,,,
2025,ep_sdp,static_dp,adversarial,random_noise_byzantine,0.323,0.2527887255794132,-0.385,2.9915531666664417,89.74659499999325,,,0,0,,,
2025,ep_twa,twa,adversarial,random_noise_byzantine,0.9703333333333334,0.9698342225010368,2.8516666666666666,2.9839892966671564,89.5196789000147,0.1357741953184207,0.2070836722850799,0,0,0.6404482504029568,0.9998134874749528,0.2600734745342675
2025,ep_ppa,ppa,adversarial,random_noise_byzantine,0.4806666666666667,0.3252535524590741,0.4033333333333333,3.508989980000115,105.26969940000345,,,0,0,,,
2025,ep_sdp-ppa,sdp_ppa,adversarial,random_noise_byzantine,0.321,0.2474475381667365,-0.395,3.5098229633328932,105.2946888999868,,,0,0,,,
2025,ep_twa-ppa,twa_ppa,adversarial,random_noise_byzantine,0.9703333333333334,0.9698342225010368,2.8516666666666666,3.49284828333366,104.7854485000098,0.1360162225862344,0.2075079381465912,0,0,0.6406355286873034,0.999811927553413,0.2600734745342675
2025,ep_0,fedavg,adversarial,model_replacement,0.25,0.1,-0.75,2.889123466666933,86.673704000008,,,0,0,,,
2025,ep_sdp,static_dp,adversarial,model_replacement,0.625,0.5470297804711886,1.125,2.853375759999593,85.60127279998778,,,0,0,,,
2025,ep_twa,twa,adversarial,model_replacement,0.9723333333333334,0.9721597222211666,2.8616666666666672,2.853908970000339,85.61726910001016,0.04149665307874477,0.0966717973351478,0,0,0.36319599407190833,0.20871740683009188,0.34415065440709736
2025,ep_ppa,ppa,adversarial,model_replacement,0.25,0.1,-0.75,3.3654981466672327,100.96494440001698,,,0,0,,,
2025,ep_sdp-ppa,sdp_ppa,adversarial,model_replacement,0.6363333333333333,0.5549569941549282,1.1816666666666666,3.4340238699998737,103.0207160999962,,,0,0,,,
2025,ep_twa-ppa,twa_ppa,adversarial,model_replacement,0.9723333333333334,0.9721662722244024,2.8616666666666672,3.3330629899997195,99.99188969999159,0.04261370492167767,0.0964322835206985,0,0,0.36631196595178217,0.2096778604301253,0.3468943836970313
2025,ep_0,fedavg,adversarial,label_flipping,0.5296666666666666,0.4694744937577539,0.648333333333333,5.374024793333107,161.22074379999322,,,0,0,,,
2025,ep_sdp,static_dp,adversarial,label_flipping,0.5593333333333333,0.4943407764242366,0.7966666666666669,4.0296945933333825,120.89083780000146,,,0,0,,,
2025,ep_twa,twa,adversarial,label_flipping,0.9726666666666668,0.9723512654600536,2.863333333333334,2.9387677000000014,88.16303100000005,0.08755133251349129,0.083662249147892,0,0,0.501067834722774,0.32150666687328244,0.529618868741011
2025,ep_ppa,ppa,adversarial,label_flipping,0.4763333333333333,0.4236747365020368,0.3816666666666664,3.52500642333301,105.7501926999903,,,0,0,,,
2025,ep_sdp-ppa,sdp_ppa,adversarial,label_flipping,0.572,0.4990215485976789,0.8599999999999999,3.4779431166666956,104.33829350000087,,,0,0,,,
2025,ep_twa-ppa,twa_ppa,adversarial,label_flipping,0.9733333333333334,0.9730380516133784,2.866666666666667,3.4630156700000954,103.89047010000286,0.08812770098447795,0.0851306915283203,0,0,0.5018922002659422,0.3223579252158959,0.5401038965816013
2025,ep_0,fedavg,adversarial,data_poisoning,0.5223333333333333,0.4683764987185301,0.6116666666666664,2.89104293333318,86.7312879999954,,,0,0,,,
2025,ep_sdp,static_dp,adversarial,data_poisoning,0.5896666666666667,0.5138675492319752,0.9483333333333333,2.9547606099999637,88.64281829999891,,,0,0,,,
2025,ep_twa,twa,adversarial,data_poisoning,0.9693333333333334,0.9687669361192662,2.8466666666666667,2.9062060933338216,87.18618280001465,0.22379119843244552,0.2215857207775116,0,0,0.7598645881284986,0.9701810012303084,0.27460485025004555
2025,ep_ppa,ppa,adversarial,data_poisoning,0.5303333333333333,0.4739833381433884,0.6516666666666664,3.429847096666102,102.89541289998306,,,0,0,,,
2025,ep_sdp-ppa,sdp_ppa,adversarial,data_poisoning,0.5803333333333334,0.5042077084059993,0.9016666666666668,3.8112213233337875,114.33663970001362,,,0,0,,,
2025,ep_twa-ppa,twa_ppa,adversarial,data_poisoning,0.9683333333333334,0.9677322993839458,2.841666666666667,3.3855786433333077,101.56735929999923,0.22387173622846604,0.2213581800460815,0,0,0.7599387553788746,0.9702554388676953,0.27459830062934604
2025,ep_0,fedavg,adversarial,reward_poisoning,0.54,0.4830025015362664,0.7000000000000002,2.7447523233331594,82.34256969999478,,,0,0,,,
2025,ep_sdp,static_dp,adversarial,reward_poisoning,0.5496666666666666,0.4800833662729449,0.7483333333333331,2.891907376666495,86.75722129999485,,,0,0,,,
2025,ep_twa,twa,adversarial,reward_poisoning,0.965,0.96428156039739,2.825,2.8842469533334225,86.52740860000267,0.2500114798545837,0.25,0,0,0.9368021633299629,0.959221503596133,5.950771367974383e-10
2025,ep_ppa,ppa,adversarial,reward_poisoning,0.5383333333333333,0.4812098941828476,0.6916666666666664,3.279387883333402,98.38163650000206,,,0,0,,,
2025,ep_sdp-ppa,sdp_ppa,adversarial,reward_poisoning,0.5416666666666666,0.4727327722555452,0.708333333333333,3.3676555433334823,101.02966630000446,,,0,0,,,
2025,ep_twa-ppa,twa_ppa,adversarial,reward_poisoning,0.9653333333333334,0.9646333055773604,2.826666666666667,3.3199693666667978,99.59908100000393,0.2500088115533193,0.2499999701976776,0,0,0.9359751378970965,0.9593561980117966,5.956875715332557e-10
