seed,attack,condition,path,execution_path,round30_accuracy,round30_macro_f1,final_evaluation_reward,mean_round_time_sec
42,none,∅,fedavg,ep_0,0.4923333333333333,0.4871105382700757,0.46166666666666645,2.907349780000004
42,none,∅,static_dp,ep_sdp,0.579,0.5194992522565492,0.8949999999999996,2.8928388599999986
42,none,∅,twa,ep_twa,0.9686666666666668,0.9680842968687656,2.8433333333333337,2.89150244666677
42,none,∅,ppa,ep_ppa,0.5073333333333333,0.5065570613134764,0.5366666666666666,3.396463383333351
42,none,∅,sdp_ppa,ep_sdp-ppa,0.576,0.5154549677557424,0.8799999999999999,3.4192874766665833
42,none,∅,twa_ppa,ep_twa-ppa,0.9693333333333334,0.9687864593745592,2.8466666666666667,3.4013875700000122
42,sign_flipping,Sign flipping,fedavg,ep_0,0.9043333333333332,0.9038765544475852,2.5216666666666665,3.0598149399997663
42,sign_flipping,Sign flipping,static_dp,ep_sdp,0.633,0.622530410194722,1.165,3.0801608966667726
42,sign_flipping,Sign flipping,twa,ep_twa,0.9726666666666668,0.9722379468935678,2.863333333333334,3.1607156666666922
42,sign_flipping,Sign flipping,ppa,ep_ppa,0.8903333333333333,0.8897252632063944,2.451666666666666,3.675550916666786
42,sign_flipping,Sign flipping,sdp_ppa,ep_sdp-ppa,0.625,0.6123285921647164,1.125,3.6870243733334065
42,sign_flipping,Sign flipping,twa_ppa,ep_twa-ppa,0.9723333333333334,0.971894755165443,2.8616666666666672,3.6584944900000966
42,random_noise_byzantine,RNB-Primary (alpha=0.5),fedavg,ep_0,0.3036666666666666,0.1932302064992375,-0.48166666666666713,3.1552718366666643
42,random_noise_byzantine,RNB-Primary (alpha=0.5),static_dp,ep_sdp,0.841,0.8410880195513637,2.205,3.1123306466667904
42,random_noise_byzantine,RNB-Primary (alpha=0.5),twa,ep_twa,0.9703333333333334,0.9698632644892876,2.8516666666666666,3.3131259366667414
42,random_noise_byzantine,RNB-Primary (alpha=0.5),ppa,ep_ppa,0.2973333333333333,0.1838499571765709,-0.5133333333333336,3.9587390300000456
42,random_noise_byzantine,RNB-Primary (alpha=0.5),sdp_ppa,ep_sdp-ppa,0.8663333333333333,0.8658582322677999,2.331666666666666,3.818555619999885
42,random_noise_byzantine,RNB-Primary (alpha=0.5),twa_ppa,ep_twa-ppa,0.9703333333333334,0.9698632644892876,2.8516666666666666,3.614940569999938
42,model_replacement,Model replacement,fedavg,ep_0,0.128,0.0733104238258877,-1.3599999999999999,2.873153903333514
42,model_replacement,Model replacement,static_dp,ep_sdp,0.6886666666666666,0.6818219565069327,1.4433333333333334,2.8958243333335605
42,model_replacement,Model replacement,twa,ep_twa,0.9676666666666668,0.967291075884205,2.838333333333334,2.864109993333235
42,model_replacement,Model replacement,ppa,ep_ppa,0.2503333333333333,0.106160118606375,-0.7483333333333335,3.440524683333509
42,model_replacement,Model replacement,sdp_ppa,ep_sdp-ppa,0.6903333333333334,0.6835769048935905,1.4516666666666667,3.3930245199999263
42,model_replacement,Model replacement,twa_ppa,ep_twa-ppa,0.9666666666666668,0.9662700728212856,2.833333333333334,3.3994650900001337
42,label_flipping,Label flipping,fedavg,ep_0,0.732,0.7413956073883354,1.6600000000000001,2.84436196000006
42,label_flipping,Label flipping,static_dp,ep_sdp,0.465,0.4222718480052085,0.3250000000000002,2.8563014966667954
42,label_flipping,Label flipping,twa,ep_twa,0.9676666666666668,0.9671569453482702,2.838333333333334,2.8764634900001207
42,label_flipping,Label flipping,ppa,ep_ppa,0.742,0.7510074033740812,1.71,3.3820120366664925
42,label_flipping,Label flipping,sdp_ppa,ep_sdp-ppa,0.4593333333333333,0.413086899709415,0.2966666666666664,3.4305193333334802
42,label_flipping,Label flipping,twa_ppa,ep_twa-ppa,0.9673333333333334,0.9668367250959043,2.836666666666667,3.4015050600000296
42,data_poisoning,Data poisoning,fedavg,ep_0,0.6093333333333333,0.6152245850878196,1.0466666666666664,2.824058396666442
42,data_poisoning,Data poisoning,static_dp,ep_sdp,0.619,0.5820064345378697,1.0949999999999998,2.8393667733332526
42,data_poisoning,Data poisoning,twa,ep_twa,0.971,0.9705190667451632,2.8549999999999995,2.8469727566667036
42,data_poisoning,Data poisoning,ppa,ep_ppa,0.6276666666666667,0.6350169618186763,1.1383333333333336,3.4009301633333964
42,data_poisoning,Data poisoning,sdp_ppa,ep_sdp-ppa,0.6186666666666667,0.5813278553330445,1.0933333333333337,3.3907818966667036
42,data_poisoning,Data poisoning,twa_ppa,ep_twa-ppa,0.971,0.9705190667451632,2.8549999999999995,3.413753923333267
42,reward_poisoning,Reward poisoning,fedavg,ep_0,0.4923333333333333,0.4871105382700757,0.46166666666666645,2.8455403866665923
42,reward_poisoning,Reward poisoning,static_dp,ep_sdp,0.579,0.5194992522565492,0.8949999999999996,2.8497281166667867
42,reward_poisoning,Reward poisoning,twa,ep_twa,0.9693333333333334,0.968779813948552,2.8466666666666667,2.854216753333276
42,reward_poisoning,Reward poisoning,ppa,ep_ppa,0.493,0.4874018819084968,0.46499999999999986,3.38336862999998
42,reward_poisoning,Reward poisoning,sdp_ppa,ep_sdp-ppa,0.5786666666666667,0.5184703618260651,0.8933333333333335,3.3901658500000242
42,reward_poisoning,Reward poisoning,twa_ppa,ep_twa-ppa,0.9693333333333334,0.968779813948552,2.8466666666666667,3.415890710000046
123,none,∅,fedavg,ep_0,0.6093333333333333,0.5463595775926415,1.0466666666666664,2.8988385833334784
123,none,∅,static_dp,ep_sdp,0.3643333333333333,0.2628959610047698,-0.17833333333333368,2.9123316833334685
123,none,∅,twa,ep_twa,0.9703333333333334,0.969712442077904,2.8516666666666666,2.9474248433337076
123,none,∅,ppa,ep_ppa,0.622,0.5595510923812519,1.1099999999999999,3.4255739633334086
123,none,∅,sdp_ppa,ep_sdp-ppa,0.3666666666666666,0.2646517953630022,-0.16666666666666696,3.440891853333475
123,none,∅,twa_ppa,ep_twa-ppa,0.97,0.9693628676544072,2.8499999999999996,3.4378691866666484
123,sign_flipping,Sign flipping,fedavg,ep_0,0.6026666666666667,0.5597693278112408,1.0133333333333336,2.856067596666556
123,sign_flipping,Sign flipping,static_dp,ep_sdp,0.5316666666666666,0.4895772821580046,0.6583333333333332,2.8672866066666756
123,sign_flipping,Sign flipping,twa,ep_twa,0.97,0.9694335225247916,2.8499999999999996,2.8633189099997858
123,sign_flipping,Sign flipping,ppa,ep_ppa,0.6103333333333333,0.5717996257929753,1.0516666666666663,3.3845766400001596
123,sign_flipping,Sign flipping,sdp_ppa,ep_sdp-ppa,0.528,0.4853073613474227,0.6400000000000001,3.3941600566665024
123,sign_flipping,Sign flipping,twa_ppa,ep_twa-ppa,0.97,0.969430826364967,2.8499999999999996,3.390111539999998
123,random_noise_byzantine,RNB-Primary (alpha=0.5),fedavg,ep_0,0.5276666666666666,0.4776276982706886,0.6383333333333332,2.9786330200001125
123,random_noise_byzantine,RNB-Primary (alpha=0.5),static_dp,ep_sdp,0.53,0.4887983932451996,0.6500000000000004,2.9912689099999623
123,random_noise_byzantine,RNB-Primary (alpha=0.5),twa,ep_twa,0.9716666666666668,0.9712058593373888,2.8583333333333343,2.994047666666726
123,random_noise_byzantine,RNB-Primary (alpha=0.5),ppa,ep_ppa,0.5166666666666667,0.4660551849224996,0.5833333333333335,3.5160112299998825
123,random_noise_byzantine,RNB-Primary (alpha=0.5),sdp_ppa,ep_sdp-ppa,0.5333333333333333,0.4912403480940982,0.6666666666666665,3.527377909999996
123,random_noise_byzantine,RNB-Primary (alpha=0.5),twa_ppa,ep_twa-ppa,0.972,0.9715491664694098,2.8599999999999994,3.529867833333507
123,model_replacement,Model replacement,fedavg,ep_0,0.25,0.1,-0.75,2.8985785266662183
123,model_replacement,Model replacement,static_dp,ep_sdp,0.609,0.5555839100038595,1.045,2.8677829033332576
123,model_replacement,Model replacement,twa,ep_twa,0.981,0.9807993485780668,2.9050000000000002,2.8816551333333336
123,model_replacement,Model replacement,ppa,ep_ppa,0.25,0.1,-0.75,3.415304166666586
123,model_replacement,Model replacement,sdp_ppa,ep_sdp-ppa,0.525,0.4765917167252487,0.625,3.4037542399993983
123,model_replacement,Model replacement,twa_ppa,ep_twa-ppa,0.975,0.9746158582867036,2.875,3.407494453333008
123,label_flipping,Label flipping,fedavg,ep_0,0.536,0.4286740657504421,0.6800000000000002,2.8242039600002804
123,label_flipping,Label flipping,static_dp,ep_sdp,0.3663333333333333,0.2818349782176502,-0.16833333333333345,2.8452979466663235
123,label_flipping,Label flipping,twa,ep_twa,0.9733333333333334,0.9728645774025376,2.866666666666667,2.8424429033336005
123,label_flipping,Label flipping,ppa,ep_ppa,0.5593333333333333,0.46272675909943,0.7966666666666669,3.395936346666834
123,label_flipping,Label flipping,sdp_ppa,ep_sdp-ppa,0.3606666666666667,0.2749175121237995,-0.19666666666666655,3.387458666667347
123,label_flipping,Label flipping,twa_ppa,ep_twa-ppa,0.9733333333333334,0.972855308202046,2.866666666666667,3.40441640666686
123,data_poisoning,Data poisoning,fedavg,ep_0,0.6543333333333333,0.648589355506837,1.2716666666666665,2.818805223333038
123,data_poisoning,Data poisoning,static_dp,ep_sdp,0.4406666666666666,0.3275939669359601,0.20333333333333314,2.8564043033336928
123,data_poisoning,Data poisoning,twa,ep_twa,0.97,0.969452221442722,2.8499999999999996,2.8145047499997116
123,data_poisoning,Data poisoning,ppa,ep_ppa,0.7556666666666667,0.7443812517174024,1.7783333333333333,3.3668804000003245
123,data_poisoning,Data poisoning,sdp_ppa,ep_sdp-ppa,0.431,0.3075932739616306,0.1549999999999998,3.382150850000471
123,data_poisoning,Data poisoning,twa_ppa,ep_twa-ppa,0.97,0.969445163688626,2.8499999999999996,3.4620170866664313
123,reward_poisoning,Reward poisoning,fedavg,ep_0,0.6093333333333333,0.5463595775926415,1.0466666666666664,2.8719814066668428
123,reward_poisoning,Reward poisoning,static_dp,ep_sdp,0.3643333333333333,0.2628959610047698,-0.17833333333333368,2.854910933332697
123,reward_poisoning,Reward poisoning,twa,ep_twa,0.97,0.9693643392683402,2.8499999999999996,2.8393775399999868
123,reward_poisoning,Reward poisoning,ppa,ep_ppa,0.6173333333333333,0.5547711945322937,1.0866666666666664,3.3967305333332964
123,reward_poisoning,Reward poisoning,sdp_ppa,ep_sdp-ppa,0.365,0.2631446770778966,-0.17500000000000004,3.4869702100001936
123,reward_poisoning,Reward poisoning,twa_ppa,ep_twa-ppa,0.97,0.9693649686516164,2.8499999999999996,3.5513862400002836
2025,none,∅,fedavg,ep_0,0.54,0.4830025015362664,0.7000000000000002,2.863700960000036
2025,none,∅,static_dp,ep_sdp,0.5496666666666666,0.4800833662729449,0.7483333333333331,2.99366143999996
2025,none,∅,twa,ep_twa,0.9633333333333334,0.9625131846187912,2.8166666666666664,2.906446773333179
2025,none,∅,ppa,ep_ppa,0.5243333333333333,0.4711406061937591,0.6216666666666666,3.4229643433331756
2025,none,∅,sdp_ppa,ep_sdp-ppa,0.5573333333333333,0.4878768884871836,0.7866666666666666,3.4068517800000335
2025,none,∅,twa_ppa,ep_twa-ppa,0.964,0.9632172668119692,2.8200000000000003,3.645172886666478
2025,sign_flipping,Sign flipping,fedavg,ep_0,0.616,0.5515928161218787,1.08,2.8659767400001632
2025,sign_flipping,Sign flipping,static_dp,ep_sdp,0.637,0.5738020560808208,1.185,2.873766353333364
2025,sign_flipping,Sign flipping,twa,ep_twa,0.9693333333333334,0.9689781100327628,2.8466666666666667,2.847422643333145
2025,sign_flipping,Sign flipping,ppa,ep_ppa,0.6186666666666667,0.5538959714778495,1.0933333333333337,3.442329126666785
2025,sign_flipping,Sign flipping,sdp_ppa,ep_sdp-ppa,0.6326666666666667,0.5648104405806977,1.1633333333333336,3.3637285133331414
2025,sign_flipping,Sign flipping,twa_ppa,ep_twa-ppa,0.969,0.9686375599591446,2.8449999999999998,3.3673080466663428
2025,random_noise_byzantine,RNB-Primary (alpha=0.5),fedavg,ep_0,0.4793333333333333,0.3227434080528716,0.3966666666666665,2.9666184866667513
2025,random_noise_byzantine,RNB-Primary (alpha=0.5),static_dp,ep_sdp,0.323,0.2527887255794132,-0.385,2.9915531666664417
2025,random_noise_byzantine,RNB-Primary (alpha=0.5),twa,ep_twa,0.9703333333333334,0.9698342225010368,2.8516666666666666,2.9839892966671564
2025,random_noise_byzantine,RNB-Primary (alpha=0.5),ppa,ep_ppa,0.4806666666666667,0.3252535524590741,0.4033333333333333,3.508989980000115
2025,random_noise_byzantine,RNB-Primary (alpha=0.5),sdp_ppa,ep_sdp-ppa,0.321,0.2474475381667365,-0.395,3.5098229633328932
2025,random_noise_byzantine,RNB-Primary (alpha=0.5),twa_ppa,ep_twa-ppa,0.9703333333333334,0.9698342225010368,2.8516666666666666,3.49284828333366
2025,model_replacement,Model replacement,fedavg,ep_0,0.25,0.1,-0.75,2.889123466666933
2025,model_replacement,Model replacement,static_dp,ep_sdp,0.625,0.5470297804711886,1.125,2.853375759999593
2025,model_replacement,Model replacement,twa,ep_twa,0.9723333333333334,0.9721597222211666,2.8616666666666672,2.853908970000339
2025,model_replacement,Model replacement,ppa,ep_ppa,0.25,0.1,-0.75,3.3654981466672327
2025,model_replacement,Model replacement,sdp_ppa,ep_sdp-ppa,0.6363333333333333,0.5549569941549282,1.1816666666666666,3.4340238699998737
2025,model_replacement,Model replacement,twa_ppa,ep_twa-ppa,0.9723333333333334,0.9721662722244024,2.8616666666666672,3.3330629899997195
2025,label_flipping,Label flipping,fedavg,ep_0,0.5296666666666666,0.4694744937577539,0.648333333333333,5.374024793333107
2025,label_flipping,Label flipping,static_dp,ep_sdp,0.5593333333333333,0.4943407764242366,0.7966666666666669,4.0296945933333825
2025,label_flipping,Label flipping,twa,ep_twa,0.9726666666666668,0.9723512654600536,2.863333333333334,2.9387677000000014
2025,label_flipping,Label flipping,ppa,ep_ppa,0.4763333333333333,0.4236747365020368,0.3816666666666664,3.52500642333301
2025,label_flipping,Label flipping,sdp_ppa,ep_sdp-ppa,0.572,0.4990215485976789,0.8599999999999999,3.4779431166666956
2025,label_flipping,Label flipping,twa_ppa,ep_twa-ppa,0.9733333333333334,0.9730380516133784,2.866666666666667,3.4630156700000954
2025,data_poisoning,Data poisoning,fedavg,ep_0,0.5223333333333333,0.4683764987185301,0.6116666666666664,2.89104293333318
2025,data_poisoning,Data poisoning,static_dp,ep_sdp,0.5896666666666667,0.5138675492319752,0.9483333333333333,2.9547606099999637
2025,data_poisoning,Data poisoning,twa,ep_twa,0.9693333333333334,0.9687669361192662,2.8466666666666667,2.9062060933338216
2025,data_poisoning,Data poisoning,ppa,ep_ppa,0.5303333333333333,0.4739833381433884,0.6516666666666664,3.429847096666102
2025,data_poisoning,Data poisoning,sdp_ppa,ep_sdp-ppa,0.5803333333333334,0.5042077084059993,0.9016666666666668,3.8112213233337875
2025,data_poisoning,Data poisoning,twa_ppa,ep_twa-ppa,0.9683333333333334,0.9677322993839458,2.841666666666667,3.3855786433333077
2025,reward_poisoning,Reward poisoning,fedavg,ep_0,0.54,0.4830025015362664,0.7000000000000002,2.7447523233331594
2025,reward_poisoning,Reward poisoning,static_dp,ep_sdp,0.5496666666666666,0.4800833662729449,0.7483333333333331,2.891907376666495
2025,reward_poisoning,Reward poisoning,twa,ep_twa,0.965,0.96428156039739,2.825,2.8842469533334225
2025,reward_poisoning,Reward poisoning,ppa,ep_ppa,0.5383333333333333,0.4812098941828476,0.6916666666666664,3.279387883333402
2025,reward_poisoning,Reward poisoning,sdp_ppa,ep_sdp-ppa,0.5416666666666666,0.4727327722555452,0.708333333333333,3.3676555433334823
2025,reward_poisoning,Reward poisoning,twa_ppa,ep_twa-ppa,0.9653333333333334,0.9646333055773604,2.826666666666667,3.3199693666667978
