seed,attack,condition,path,final_accuracy,final_macro_f1,mean_malicious_weight,final_malicious_weight,suppressed_rounds_out_of_30,suppressed_rounds_21_30,mean_malicious_ema_trust,mean_B_adv,mean_R_adv,malicious_to_benign_update_norm_ratio,mean_round_time_sec,ckks_mean_absolute_error,ckks_max_relative_l2_error
42,sign_flipping,Sign flipping,twa,0.9726666666666668,0.9722379468935678,0.09994318013389902,0.1310024857521057,0,0,0.5892774205901421,0.9378763974369991,0.26437049379529765,1.7715464936993663,3.1607156666666922,,
42,sign_flipping,Sign flipping,twa_ppa,0.9723333333333334,0.971894755165443,0.09974977727979419,0.1312075108289718,0,0,0.5894109504977175,0.937722733622134,0.26402096129124586,1.767526580598385,3.6584944900000966,2.0588707153971577e-06,0.0022518541663885
42,random_noise_byzantine,RNB-Primary (alpha=0.5),twa,0.9703333333333334,0.9698632644892876,0.12223566584289071,0.1979717463254928,0,0,0.6297565298344835,0.9996719773863739,0.25738944671928726,0.5004275180256916,3.3131259366667414,,
42,random_noise_byzantine,RNB-Primary (alpha=0.5),twa_ppa,0.9703333333333334,0.9698632644892876,0.12242094961305457,0.1998975872993469,0,0,0.629878208015056,0.9996681225215257,0.2574428236552556,0.5004275168196536,3.614940569999938,2.048134388132894e-06,0.0021058574784547
42,model_replacement,Model replacement,twa,0.9676666666666668,0.967291075884205,0.02707019323327885,0.0480880364775657,0,0,0.3551328643705134,0.22779441666547218,0.3194579506927124,12.25468819357655,2.864109993333235,,
42,model_replacement,Model replacement,twa_ppa,0.9666666666666668,0.9662700728212856,0.0275783827838798,0.0486435294151306,0,0,0.3560307454899943,0.23115381186568112,0.3265725668179123,12.252782075337853,3.3994650900001337,2.057161251893073e-06,0.0018671615980565
42,label_flipping,Label flipping,twa,0.9676666666666668,0.9671569453482702,0.07089134988685444,0.0442551150918006,0,0,0.519005222018218,0.3381246463894926,0.30931050211956673,1.8766345511842453,2.8764634900001207,,
42,label_flipping,Label flipping,twa_ppa,0.9673333333333334,0.9668367250959043,0.07103571904202298,0.0437622554600238,0,0,0.5190065420189014,0.33773582337384295,0.3184439079381406,1.8713848447914458,3.4015050600000296,2.0611270959610315e-06,0.0018305628327652
42,data_poisoning,Data poisoning,twa,0.971,0.9705190667451632,0.202756105363369,0.2107345759868621,0,0,0.7495593116419325,0.9616537526856472,0.21893875688176212,0.9389067425190033,2.8469727566667036,,
42,data_poisoning,Data poisoning,twa_ppa,0.971,0.9705190667451632,0.20324830412864678,0.211285725235939,0,0,0.7497105241657416,0.9617227019890354,0.21925037783988324,0.9375509218693847,3.413753923333267,2.0528986472830485e-06,0.0019834863487631
42,reward_poisoning,Reward poisoning,twa,0.9693333333333334,0.968779813948552,0.24999999701976777,0.25,0,0,0.9388832184318063,0.9693180956364184,6.479246602150262e-10,0.9364643236974276,2.854216753333276,,
42,reward_poisoning,Reward poisoning,twa_ppa,0.9693333333333334,0.968779813948552,0.24999999900658926,0.25,0,0,0.9384713953520075,0.9695946078916985,6.477104206799608e-10,0.9373749042986196,3.415890710000046,2.0625207525881704e-06,0.0020696963183581
123,sign_flipping,Sign flipping,twa,0.97,0.9694335225247916,0.11668667693932848,0.1444838941097259,0,0,0.6197779425277549,0.9149028676082805,0.26641033105724926,1.668127653658014,2.8633189099997858,,
123,sign_flipping,Sign flipping,twa_ppa,0.97,0.969430826364967,0.11727615793546038,0.147120401263237,0,0,0.6198398332588323,0.9178979853497629,0.26001162626853863,1.6695758661327273,3.390111539999998,2.05283129162126e-06,0.0022004069760441
123,random_noise_byzantine,RNB-Primary (alpha=0.5),twa,0.9716666666666668,0.9712058593373888,0.12404319892326988,0.1836944669485092,0,0,0.6441642551318277,0.9997186659800362,0.21709480363244008,0.5000214769026715,2.994047666666726,,
123,random_noise_byzantine,RNB-Primary (alpha=0.5),twa_ppa,0.972,0.9715491664694098,0.12361851967871186,0.1826777756214141,0,0,0.6439609864603978,0.9997253943777487,0.21720017603324124,0.5000214822701653,3.529867833333507,2.0525842122272784e-06,0.0021318283397704
123,model_replacement,Model replacement,twa,0.981,0.9807993485780668,0.046248896000906786,0.0874963104724884,0,0,0.398915439178739,0.2378734963413192,0.35693994656116845,11.898368008728344,2.8816551333333336,,
123,model_replacement,Model replacement,twa_ppa,0.975,0.9746158582867036,0.03709367709234352,0.0723600313067436,0,0,0.39516291719674757,0.23389957958508775,0.33161038367818085,11.680063709061963,3.407494453333008,2.048496048701054e-06,0.001886127050966
123,label_flipping,Label flipping,twa,0.9733333333333334,0.9728645774025376,0.057528795922795896,0.0336412638425827,0,0,0.4882986304098773,0.30502874518855455,0.4349725764109766,1.8787990529927816,2.8424429033336005,,
123,label_flipping,Label flipping,twa_ppa,0.9733333333333334,0.972855308202046,0.057774583001931466,0.0341212823987007,0,0,0.4884354414783912,0.30611096237757285,0.422079710107244,1.8869675170635365,3.40441640666686,2.0652030419417618e-06,0.0017998296534642
123,data_poisoning,Data poisoning,twa,0.97,0.969452221442722,0.227654267847538,0.2327869236469268,0,0,0.7767924436581577,0.9792330753379596,0.25349185135731,0.8839590040536909,2.8145047499997116,,
123,data_poisoning,Data poisoning,twa_ppa,0.97,0.969445163688626,0.2273983508348465,0.2286733090877533,0,0,0.7766122690861452,0.9791268772527151,0.25349185135731,0.8852244993234896,3.4620170866664313,2.0481085963789763e-06,0.002004399895668
123,reward_poisoning,Reward poisoning,twa,0.97,0.9693643392683402,0.24999999900658926,0.25,0,0,0.9377788377101848,0.9758873314168589,6.269682659096254e-10,0.9833738390802248,2.8393775399999868,,
123,reward_poisoning,Reward poisoning,twa_ppa,0.97,0.9693649686516164,0.249999996026357,0.25,0,0,0.9376972409990857,0.9759573783106616,6.267561083749558e-10,0.9861156318542647,3.5513862400002836,2.0264560362193152e-06,0.0019993381574749
2025,sign_flipping,Sign flipping,twa,0.9693333333333334,0.9689781100327628,0.12848329159120717,0.185180589556694,0,0,0.6019733927478614,0.9179247194980086,0.29825493337515485,1.7797275982577152,2.847422643333145,,
2025,sign_flipping,Sign flipping,twa_ppa,0.969,0.9686375599591446,0.12841629572212693,0.1838976740837097,0,0,0.6017042532549375,0.9198455756316867,0.3015113048548052,1.774228649588754,3.3673080466663428,2.0585623436393993e-06,0.0025172345340251
2025,random_noise_byzantine,RNB-Primary (alpha=0.5),twa,0.9703333333333334,0.9698342225010368,0.1357741953184207,0.2070836722850799,0,0,0.6404482504029568,0.9998134874749528,0.2600734745342675,0.500143142561752,2.9839892966671564,,
2025,random_noise_byzantine,RNB-Primary (alpha=0.5),twa_ppa,0.9703333333333334,0.9698342225010368,0.1360162225862344,0.2075079381465912,0,0,0.6406355286873034,0.999811927553413,0.2600734745342675,0.5001431512485098,3.49284828333366,2.063836374569898e-06,0.0024144321214407
2025,model_replacement,Model replacement,twa,0.9723333333333334,0.9721597222211666,0.04149665307874477,0.0966717973351478,0,0,0.36319599407190833,0.20871740683009188,0.34415065440709736,12.573104203891722,2.853908970000339,,
2025,model_replacement,Model replacement,twa_ppa,0.9723333333333334,0.9721662722244024,0.04261370492167767,0.0964322835206985,0,0,0.36631196595178217,0.2096778604301253,0.3468943836970313,12.560648000866921,3.3330629899997195,2.0726405637105926e-06,0.0020536652300506
2025,label_flipping,Label flipping,twa,0.9726666666666668,0.9723512654600536,0.08755133251349129,0.083662249147892,0,0,0.501067834722774,0.32150666687328244,0.529618868741011,1.9543255616426867,2.9387677000000014,,
2025,label_flipping,Label flipping,twa_ppa,0.9733333333333334,0.9730380516133784,0.08812770098447795,0.0851306915283203,0,0,0.5018922002659422,0.3223579252158959,0.5401038965816013,1.9516608832705031,3.4630156700000954,2.053151729342062e-06,0.0020050902385264
2025,data_poisoning,Data poisoning,twa,0.9693333333333334,0.9687669361192662,0.22379119843244552,0.2215857207775116,0,0,0.7598645881284986,0.9701810012303084,0.27460485025004555,0.9009585608326661,2.9062060933338216,,
2025,data_poisoning,Data poisoning,twa_ppa,0.9683333333333334,0.9677322993839458,0.22387173622846604,0.2213581800460815,0,0,0.7599387553788746,0.9702554388676953,0.27459830062934604,0.8981559081943641,3.3855786433333077,2.0575281799513807e-06,0.0022502266801893
2025,reward_poisoning,Reward poisoning,twa,0.965,0.96428156039739,0.2500114798545837,0.25,0,0,0.9368021633299629,0.959221503596133,5.950771367974383e-10,0.9614866805690244,2.8842469533334225,,
2025,reward_poisoning,Reward poisoning,twa_ppa,0.9653333333333334,0.9646333055773604,0.2500088115533193,0.2499999701976776,0,0,0.9359751378970965,0.9593561980117966,5.956875715332557e-10,0.9625440273784486,3.3199693666667978,2.0632417772503688e-06,0.0020333710126578
