condition,execution_path,attack,path,round30_accuracy_mean,round30_accuracy_std,round30_macro_f1_mean,round30_macro_f1_std,final_evaluation_reward_mean,final_evaluation_reward_std,mean_round_time_sec_mean,mean_round_time_sec_std,round30_accuracy_mean_pm_std,round30_macro_f1_mean_pm_std,final_evaluation_reward_mean_pm_std,mean_round_time_sec_mean_pm_std,paired_abs_round30_accuracy_difference_mean,paired_abs_round30_accuracy_difference_std,paired_abs_round30_accuracy_difference_mean_pm_std,paired_abs_round30_macro_f1_difference_mean,paired_abs_round30_macro_f1_difference_std,paired_abs_round30_macro_f1_difference_mean_pm_std,paired_abs_final_evaluation_reward_difference_mean,paired_abs_final_evaluation_reward_difference_std,paired_abs_final_evaluation_reward_difference_mean_pm_std,paired_abs_mean_round_time_sec_difference_mean,paired_abs_mean_round_time_sec_difference_std,paired_abs_mean_round_time_sec_difference_mean_pm_std,paired_plaintext_path
∅,ep_0,none,fedavg,0.5472222222222222,0.058833412023869304,0.505490872466328,0.035452888252972596,0.736111111111111,0.2941670601193465,2.8899631077778394,0.023138397126885656,0.547222 ± 0.058833,0.505491 ± 0.035453,0.736111 ± 0.294167,2.889963 ± 0.023138,,,,,,,,,,,,,
∅,ep_sdp,none,static_dp,0.49766666666666665,0.1163977853932129,0.42082619317808795,0.13818419480066002,0.488333333333333,0.5819889269660644,2.9329439944444755,0.05347848807197939,0.497667 ± 0.116398,0.420826 ± 0.138184,0.488333 ± 0.581989,2.932944 ± 0.053478,,,,,,,,,,,,,
∅,ep_twa,none,twa,0.9674444444444444,0.003656551704867605,0.9667699745218202,0.003775302559319976,2.837222222222222,0.018282758524338246,2.9151246877778854,0.028953553522423115,0.967444 ± 0.003657,0.966770 ± 0.003775,2.837222 ± 0.018283,2.915125 ± 0.028954,,,,,,,,,,,,,
∅,ep_ppa,none,ppa,0.5512222222222222,0.061881906647826966,0.5124162532961625,0.044495517920288254,0.7561111111111111,0.3094095332391348,3.4150005633333116,0.016106607678205095,0.551222 ± 0.061882,0.512416 ± 0.044496,0.756111 ± 0.309410,3.415001 ± 0.016107,0.014444444444444482,0.001575271875417531,0.014444 ± 0.001575,0.014833311058172797,0.004050094515360322,0.014833 ± 0.004050,0.07222222222222241,0.007876359377087737,0.072222 ± 0.007876,0.5250374555554722,0.03510569923914263,0.525037 ± 0.035106,ep_0
∅,ep_sdp-ppa,none,sdp_ppa,0.5,0.11584664192131101,0.4226612172019761,0.13753316202447619,0.49999999999999983,0.579233209606555,3.422343703333364,0.017224605633092853,0.500000 ± 0.115847,0.422661 ± 0.137533,0.500000 ± 0.579233,3.422344 ± 0.017225,0.0043333333333333375,0.0029059326290271524,0.004333 ± 0.002906,0.004531213691092643,0.0030481541445448114,0.004531 ± 0.003048,0.02166666666666665,0.014529663145135761,0.021667 ± 0.014530,0.48939970888888834,0.06600769344700323,0.489400 ± 0.066008,ep_sdp
∅,ep_twa-ppa,none,twa_ppa,0.9677777777777777,0.0032885885748775026,0.9671221979469785,0.0033940281382368077,2.8388888888888886,0.016442942874387276,3.494809881111046,0.1314895515560075,0.967778 ± 0.003289,0.967122 ± 0.003394,2.838889 ± 0.016443,3.494810 ± 0.131490,0.0005555555555555314,0.00019245008972978994,0.000556 ± 0.000192,0.0005852730408227869,0.00020412324697825473,0.000585 ± 0.000204,0.002777777777777916,0.0009622504486492703,0.002778 ± 0.000962,0.5796851933331607,0.13807605388923455,0.579685 ± 0.138076,ep_twa
Sign flipping,ep_0,sign_flipping,fedavg,0.7076666666666666,0.1704487541103711,0.6717462327935682,0.20107232158914765,1.5383333333333333,0.8522437705518557,2.9272864255554953,0.11487995097494375,0.707667 ± 0.170449,0.671746 ± 0.201072,1.538333 ± 0.852244,2.927286 ± 0.114880,,,,,,,,,,,,,
Sign flipping,ep_sdp,sign_flipping,static_dp,0.6005555555555556,0.059693041966876366,0.5619699161445159,0.06726167716680256,1.0027777777777778,0.2984652098343818,2.9404046188889374,0.1210758426068251,0.600556 ± 0.059693,0.561970 ± 0.067262,1.002778 ± 0.298465,2.940405 ± 0.121076,,,,,,,,,,,,,
Sign flipping,ep_twa,sign_flipping,twa,0.9706666666666667,0.0017638342073764408,0.9702165264837074,0.0017653485461868528,2.8533333333333335,0.008819171036882508,2.957152406666541,0.1764700355298349,0.970667 ± 0.001764,0.970217 ± 0.001765,2.853333 ± 0.008819,2.957152 ± 0.176470,,,,,,,,,,,,,
Sign flipping,ep_ppa,sign_flipping,ppa,0.7064444444444445,0.15930694807102327,0.6718069534924064,0.1889349821788175,1.532222222222222,0.7965347403551161,3.5008188944445764,0.1540529036449543,0.706444 ± 0.159307,0.671807 ± 0.188935,1.532222 ± 0.796535,3.500819 ± 0.154053,0.008111111111111069,0.005679723519614181,0.008111 ± 0.005680,0.009494914859632017,0.006317887833013552,0.009495 ± 0.006318,0.04055555555555553,0.028398617598071264,0.040556 ± 0.028399,0.5735324688890816,0.04368178598560413,0.573532 ± 0.043682,ep_0
Sign flipping,ep_sdp-ppa,sign_flipping,sdp_ppa,0.5952222222222222,0.05834222154507673,0.5541487980309455,0.06417827697888952,0.9761111111111113,0.2917111077253836,3.4816376477776836,0.17851974676009652,0.595222 ± 0.058342,0.554149 ± 0.064178,0.976111 ± 0.291711,3.481638 ± 0.178520,0.005333333333333301,0.00233333333333337,0.005333 ± 0.002333,0.007821118113570205,0.003134389773847059,0.007821 ± 0.003134,0.026666666666666543,0.01166666666666681,0.026667 ± 0.011667,0.541233028888746,0.059758912214091485,0.541233 ± 0.059759,ep_sdp
Sign flipping,ep_twa-ppa,sign_flipping,twa_ppa,0.9704444444444444,0.0017105338131490344,0.9699877138298515,0.0016985060757596434,2.852222222222222,0.008552669065745278,3.4719713588888124,0.16193566209060445,0.970444 ± 0.001711,0.969988 ± 0.001699,2.852222 ± 0.008553,3.471971 ± 0.161936,0.00022222222222227175,0.00019245008972991815,0.000222 ± 0.000192,0.000228812653855881,0.0001958270824972232,0.000229 ± 0.000196,0.0011111111111112848,0.0009622504486495267,0.001111 ± 0.000962,0.5148189522222716,0.015155920937682497,0.514819 ± 0.015156,ep_twa
RNB-Primary (alpha=0.5),ep_0,random_noise_byzantine,fedavg,0.4368888888888888,0.11787768299448437,0.33120043760759926,0.14238723377866538,0.1844444444444442,0.589388414972422,3.033507781111176,0.10562173626576411,0.436889 ± 0.117878,0.331200 ± 0.142387,0.184444 ± 0.589388,3.033508 ± 0.105622,,,,,,,,,,,,,
RNB-Primary (alpha=0.5),ep_sdp,random_noise_byzantine,static_dp,0.5646666666666667,0.2607342197206445,0.5275583794586588,0.29605872258797666,0.8233333333333336,1.3036710986032227,3.0317175744443983,0.06981311309712944,0.564667 ± 0.260734,0.527558 ± 0.296059,0.823333 ± 1.303671,3.031718 ± 0.069813,,,,,,,,,,,,,
RNB-Primary (alpha=0.5),ep_twa,random_noise_byzantine,twa,0.9707777777777779,0.0007698003589195444,0.9703011154425711,0.0007836657423148188,2.853888888888889,0.003849001794598107,3.0970543000002078,0.18719109709219048,0.970778 ± 0.000770,0.970301 ± 0.000784,2.853889 ± 0.003849,3.097054 ± 0.187191,,,,,,,,,,,,,
RNB-Primary (alpha=0.5),ep_ppa,random_noise_byzantine,ppa,0.4315555555555555,0.11762526813446042,0.3250528981860482,0.14110272087520437,0.1577777777777777,0.5881263406723022,3.6612467466666807,0.2576597921097971,0.431556 ± 0.117625,0.325053 ± 0.141103,0.157778 ± 0.588126,3.661247 ± 0.257660,0.006222222222222203,0.004834291092845932,0.006222 ± 0.004834,0.007820969025686048,0.004728123199916044,0.007821 ± 0.004728,0.031111111111111017,0.02417145546422988,0.031111 ± 0.024171,0.6277389655555049,0.152205587111897,0.627739 ± 0.152206,ep_0
RNB-Primary (alpha=0.5),ep_sdp-ppa,random_noise_byzantine,sdp_ppa,0.5735555555555555,0.27488266857239557,0.5348487061762116,0.31150315137347034,0.8677777777777775,1.3744133428619776,3.618585497777591,0.17340150337964358,0.573556 ± 0.274883,0.534849 ± 0.311503,0.867778 ± 1.374413,3.618585 ± 0.173402,0.010222222222222207,0.013103575989160504,0.010222 ± 0.013104,0.010851118326003837,0.012141139932149783,0.010851 ± 0.012141,0.05111111111111074,0.06551787994580228,0.051111 ± 0.065518,0.5868679233331933,0.10375036545672241,0.586868 ± 0.103750,ep_sdp
RNB-Primary (alpha=0.5),ep_twa-ppa,random_noise_byzantine,twa_ppa,0.9708888888888888,0.0009622504486493183,0.9704155511532447,0.0009818470466694117,2.8544444444444443,0.00481125224324664,3.5458855622223684,0.06260237491435895,0.970889 ± 0.000962,0.970416 ± 0.000982,2.854444 ± 0.004811,3.545886 ± 0.062602,0.00011111111111106187,0.00019245008972978994,0.000111 ± 0.000192,0.00011443571067367338,0.00019820846508705438,0.000114 ± 0.000198,0.0005555555555550503,0.000962250448648501,0.000556 ± 0.000962,0.44883126222216047,0.12803180536162992,0.448831 ± 0.128032,ep_twa
Model replacement,ep_0,model_replacement,fedavg,0.20933333333333334,0.07043673284113434,0.09110347460862923,0.01540923398868076,-0.9533333333333333,0.35218366420567165,2.8869519655555553,0.01285065876560469,0.209333 ± 0.070437,0.091103 ± 0.015409,-0.953333 ± 0.352184,2.886952 ± 0.012851,,,,,,,,,,,,,
Model replacement,ep_sdp,model_replacement,static_dp,0.640888888888889,0.04214305443411809,0.5948118823273268,0.07547422102659163,1.2044444444444444,0.2107152721705903,2.8723276655554706,0.021586141208299475,0.640889 ± 0.042143,0.594812 ± 0.075474,1.204444 ± 0.210715,2.872328 ± 0.021586,,,,,,,,,,,,,
Model replacement,ep_twa,model_replacement,twa,0.9736666666666668,0.0067659277100614095,0.9734167155611462,0.006841299729254499,2.8683333333333336,0.03382963855030725,2.8665580322223025,0.014034139294131909,0.973667 ± 0.006766,0.973417 ± 0.006841,2.868333 ± 0.033830,2.866558 ± 0.014034,,,,,,,,,,,,,
Model replacement,ep_ppa,model_replacement,ppa,0.2501111111111111,0.00019245008972985805,0.10205337286879168,0.0035565461356306264,-0.7494444444444445,0.0009622504486492783,3.4071089988891092,0.038178735995443414,0.250111 ± 0.000192,0.102053 ± 0.003557,-0.749444 ± 0.000962,3.407109 ± 0.038179,0.04077777777777777,0.07062918293086419,0.040778 ± 0.070629,0.010949898260162433,0.018965780124311386,0.010950 ± 0.018966,0.2038888888888888,0.3531459146543209,0.203889 ± 0.353146,0.520157033333554,0.0455949931345966,0.520157 ± 0.045595,ep_0
Model replacement,ep_sdp-ppa,model_replacement,sdp_ppa,0.6172222222222222,0.0843071984097663,0.5717085385912558,0.10450443871445202,1.086111111111111,0.4215359920488316,3.4102675433330663,0.02126156192150101,0.617222 ± 0.084307,0.571709 ± 0.104504,1.086111 ± 0.421536,3.410268 ± 0.021262,0.032333333333333325,0.04500493800067324,0.032333 ± 0.045005,0.029558118449669418,0.042922255653325414,0.029558 ± 0.042922,0.16166666666666663,0.22502469000336628,0.161667 ± 0.225025,0.5379398777775958,0.041758775637778967,0.537940 ± 0.041759,ep_sdp
Model replacement,ep_twa-ppa,model_replacement,twa_ppa,0.9713333333333334,0.004255715111601136,0.9710174011107973,0.00428986740884298,2.856666666666667,0.02127857555800593,3.3800075111109535,0.04085289115417843,0.971333 ± 0.004256,0.971017 ± 0.004290,2.856667 ± 0.021279,3.380008 ± 0.040853,0.0023333333333333353,0.0032145502536643214,0.002333 ± 0.003215,0.0024036811191728105,0.003312475929905975,0.002404 ± 0.003312,0.011666666666666714,0.016072751268321757,0.011667 ± 0.016073,0.5134494788886513,0.030079417825389556,0.513449 ± 0.030079,ep_twa
Label flipping,ep_0,label_flipping,fedavg,0.5992222222222222,0.11503252358129626,0.5465147222988438,0.17000025959198614,0.9961111111111111,0.5751626179064815,3.6808635711111495,1.4663552705835357,0.599222 ± 0.115033,0.546515 ± 0.170000,0.996111 ± 0.575163,3.680864 ± 1.466355,,,,,,,,,,,,,
Label flipping,ep_sdp,label_flipping,static_dp,0.46355555555555555,0.09650810750820275,0.39948253421569846,0.10807031592950107,0.3177777777777779,0.4825405375410138,3.2437646788888337,0.6806575073722941,0.463556 ± 0.096508,0.399483 ± 0.108070,0.317778 ± 0.482541,3.243765 ± 0.680658,,,,,,,,,,,,,
Label flipping,ep_twa,label_flipping,twa,0.9712222222222223,0.003097191081059135,0.9707909294036204,0.003157570644257903,2.8561111111111117,0.015485955405296029,2.8858913644445745,0.0488495673021895,0.971222 ± 0.003097,0.970791 ± 0.003158,2.856111 ± 0.015486,2.885891 ± 0.048850,,,,,,,,,,,,,
Label flipping,ep_ppa,label_flipping,ppa,0.5925555555555556,0.13591350735479346,0.5458029663251827,0.1787817408340498,0.9627777777777777,0.6795675367739671,3.434318268888779,0.0788462276816206,0.592556 ± 0.135914,0.545803 ± 0.178782,0.962778 ± 0.679568,3.434318 ± 0.078846,0.02888888888888889,0.02219442706159798,0.028889 ± 0.022194,0.029821415530150275,0.018461308707791453,0.029821 ± 0.018461,0.14444444444444438,0.11097213530798992,0.144444 ± 0.110972,0.9861336111110278,0.7474744017730786,0.986134 ± 0.747474,ep_0
Label flipping,ep_sdp-ppa,label_flipping,sdp_ppa,0.46399999999999997,0.10574392548878525,0.3956753201436311,0.1130620498584878,0.3199999999999999,0.5287196274439264,3.431973705555841,0.04525975388622908,0.464000 ± 0.105744,0.395675 ± 0.113062,0.320000 ± 0.528720,3.431974 ± 0.045260,0.00799999999999997,0.004041451884327352,0.008000 ± 0.004041,0.0069277288543621585,0.0022521055988740423,0.006928 ± 0.002252,0.03999999999999996,0.020207259421636665,0.040000 ± 0.020207,0.5560433444447984,0.01645386820773603,0.556043 ± 0.016454,ep_sdp
Label flipping,ep_twa-ppa,label_flipping,twa_ppa,0.9713333333333334,0.0034641016151377574,0.9709100283037763,0.0035287672147707723,2.856666666666667,0.01732050807568895,3.4229790455556617,0.03470327733128507,0.971333 ± 0.003464,0.970910 ± 0.003529,2.856667 ± 0.017321,3.422979 ± 0.034703,0.00033333333333333365,0.0003333333333332966,0.000333 ± 0.000333,0.0003387585353941125,0.00033913869772902295,0.000339 ± 0.000339,0.0016666666666666312,0.0016666666666664831,0.001667 ± 0.001667,0.5370876811110875,0.02155540676941849,0.537088 ± 0.021555,ep_twa
Data poisoning,ep_0,data_poisoning,fedavg,0.5953333333333334,0.06710439627923045,0.5773968131043956,0.09587686732404824,0.9766666666666665,0.3355219813961524,2.844635517777553,0.04027573862056642,0.595333 ± 0.067104,0.577397 ± 0.095877,0.976667 ± 0.335522,2.844636 ± 0.040276,,,,,,,,,,,,,
Data poisoning,ep_sdp,data_poisoning,static_dp,0.5497777777777778,0.09562445836205842,0.474489316901935,0.1316981769194325,0.7488888888888887,0.4781222918102919,2.883510562222303,0.062289616617604605,0.549778 ± 0.095624,0.474489 ± 0.131698,0.748889 ± 0.478122,2.883511 ± 0.062290,,,,,,,,,,,,,
Data poisoning,ep_twa,data_poisoning,twa,0.9701111111111111,0.0008388704928077724,0.9695794081023839,0.000882962494870811,2.8505555555555553,0.004194352464039079,2.8558945333334123,0.046497125357252506,0.970111 ± 0.000839,0.969579 ± 0.000883,2.850556 ± 0.004194,2.855895 ± 0.046497,,,,,,,,,,,,,
Data poisoning,ep_ppa,data_poisoning,ppa,0.637888888888889,0.11301392900058005,0.6177938505598224,0.13601924344507707,1.1894444444444445,0.5650696450029004,3.399219219999941,0.0315181966103349,0.637889 ± 0.113014,0.617794 ± 0.136019,1.189444 ± 0.565070,3.399219 ± 0.031518,0.0425555555555556,0.05116458555304455,0.042556 ± 0.051165,0.040397037455426776,0.04849484662870154,0.040397 ± 0.048495,0.21277777777777804,0.25582292776522264,0.212778 ± 0.255823,0.5545837022223875,0.019850850978619772,0.554584 ± 0.019851,ep_0
Data poisoning,ep_sdp-ppa,data_poisoning,sdp_ppa,0.5433333333333333,0.0991536406010614,0.4643762792335582,0.14114730717263155,0.7166666666666668,0.4957682030053071,3.5280513566669875,0.24527035340251807,0.543333 ± 0.099154,0.464376 ± 0.141147,0.716667 ± 0.495768,3.528051 ± 0.245270,0.006444444444444401,0.005295001136641707,0.006444 ± 0.005295,0.010113037668376864,0.009669025838412513,0.010113 ± 0.009669,0.03222222222222193,0.026475005683208864,0.032222 ± 0.026475,0.6445407944446844,0.18397624295954026,0.644541 ± 0.183976,ep_sdp
Data poisoning,ep_twa-ppa,data_poisoning,twa_ppa,0.9697777777777778,0.0013471506281090481,0.9692321766059117,0.0014055392930967946,2.848888888888889,0.006735753140545391,3.4204498844443356,0.038656640130752255,0.969778 ± 0.001347,0.969232 ± 0.001406,2.848889 ± 0.006736,3.420450 ± 0.038657,0.00033333333333333365,0.0005773502691896262,0.000333 ± 0.000577,0.00034723149647216306,0.0005953208586722556,0.000347 ± 0.000595,0.0016666666666666312,0.0028867513459480674,0.001667 ± 0.002887,0.564555351110923,0.08409198925160176,0.564555 ± 0.084092,ep_twa
Reward poisoning,ep_0,reward_poisoning,fedavg,0.5472222222222222,0.058833412023869304,0.505490872466328,0.035452888252972596,0.736111111111111,0.2941670601193465,2.820758038888865,0.06713742237019901,0.547222 ± 0.058833,0.505491 ± 0.035453,0.736111 ± 0.294167,2.820758 ± 0.067137,,,,,,,,,,,,,
Reward poisoning,ep_sdp,reward_poisoning,static_dp,0.49766666666666665,0.1163977853932129,0.42082619317808795,0.13818419480066002,0.488333333333333,0.5819889269660644,2.8655154755553265,0.023002494002703065,0.497667 ± 0.116398,0.420826 ± 0.138184,0.488333 ± 0.581989,2.865515 ± 0.023002,,,,,,,,,,,,,
Reward poisoning,ep_twa,reward_poisoning,twa,0.968111111111111,0.002714842605082394,0.9674752378714274,0.002781204652394149,2.8405555555555555,0.013574213025411574,2.8592804155555616,0.022859277537746723,0.968111 ± 0.002715,0.967475 ± 0.002781,2.840556 ± 0.013574,2.859280 ± 0.022859,,,,,,,,,,,,,
Reward poisoning,ep_ppa,reward_poisoning,ppa,0.5495555555555556,0.06292176211890564,0.5077943235412127,0.04080079636579598,0.7477777777777775,0.3146088105945281,3.3531623488888926,0.06423892076592631,0.549556 ± 0.062922,0.507794 ± 0.040801,0.747778 ± 0.314609,3.353162 ± 0.064239,0.003444444444444472,0.003976784481816267,0.003444 ± 0.003977,0.0034985226438306962,0.004320569390163469,0.003499 ± 0.004321,0.0172222222222224,0.019883922409081323,0.017222 ± 0.019884,0.532404310000028,0.006819067430331761,0.532404 ± 0.006819,ep_0
Reward poisoning,ep_sdp-ppa,reward_poisoning,sdp_ppa,0.49511111111111106,0.1141881163953847,0.418115937053169,0.1361434917235228,0.4755555555555555,0.5709405819769235,3.414930534444567,0.06339530437796975,0.495111 ± 0.114188,0.418116 ± 0.136143,0.475556 ± 0.570941,3.414931 ± 0.063395,0.0030000000000000027,0.004333333333333338,0.003000 ± 0.004333,0.0028760668403368848,0.0038946390205864584,0.002876 ± 0.003895,0.014999999999999902,0.0216666666666668,0.015000 ± 0.021667,0.5494150588892404,0.07854129524015803,0.549415 ± 0.078541,ep_sdp
Reward poisoning,ep_twa-ppa,reward_poisoning,twa_ppa,0.9682222222222222,0.0025239592648000817,0.9675926960591763,0.002579553357565262,2.841111111111111,0.012619796324000235,3.4290821055557092,0.11627102822023684,0.968222 ± 0.002524,0.967593 ± 0.002580,2.841111 ± 0.012620,3.429082 ± 0.116271,0.00011111111111113588,0.00019245008972991817,0.000111 ± 0.000192,0.00011745818774884971,0.00020289873108028018,0.000117 ± 0.000203,0.0005555555555556424,0.0009622504486495267,0.000556 ± 0.000962,0.5698016900001474,0.13832235208708302,0.569802 ± 0.138322,ep_twa
